order,t
5a0ebeddfdc81513a9dcf33d,135
5a0ee1c397e0bc4831663486,150
5a0eeec3ae845313c72e280a,90
5a0ef92e0525bc484398d1f8,150
5a0eff8948c5984825e18bba,120
5a0f05b3bcb30313c1318d8e,105
5a0f0c5348c5984825e18bbb,105
5a0f0e693feafb4f684d1abb,90
5a0f100fe691ef1af5572637,165
5a0f12dc0525bc484398d1fb,150
5a0f14601c156e483dc740c8,120
5a0f169bc31f3448494eb6f7,120
5a0f178632516b13bbf49e3f,90
5a0f17acd6c58c139daa8a50,75
5a0f187c1c067a1ae7e6733c,90
5a0f192a48c5984825e18bca,75
5a0f19b9d6c58c139daa8a51,75
5a0f1aa832516b13bbf49e41,120
5a0f1ae71c067a1ae7e6733d,60
5a0f1af0fdc81513a9dcf349,45
5a0f1b04bcb30313c1318d90,90
5a0f1bcb48c5984825e18bcc,120
5a0f1c2a0525bc484398d1fc,90
5a0f1c61fdc81513a9dcf34a,75
5a0f1c8348c5984825e18bcd,90
5a0f1cabbcb30313c1318d91,45
5a0f1e361c067a1ae7e6733e,90
5a0f1edc1c156e483dc740c9,60
5a0f1fcd1c067a1ae7e6733f,105
5a0f202bc31f3448494eb6f9,60
5a0f215be691ef1af5572639,60
5a0f21641c156e483dc740ca,105
5a0f21686d59381b0f22075a,75
5a0f216e6d59381b0f22075b,90
5a0f21990525bc484398d1fd,90
5a0f225c5c4f9a48378c2db3,90
5a0f22912c520b484f1b87fc,90
5a0f22c93feafb4f684d1ac1,150
5a0f2391ae845313c72e2811,105
5a0f24065c4f9a48378c2db4,105
5a0f241432516b13bbf49e42,105
5a0f24a097e0bc483166348f,90
5a0f25093feafb4f684d1ac2,120
5a0f2514e691ef1af557263b,105
5a0f259a0525bc484398d200,135
5a0f25eb32516b13bbf49e44,180
5a0f25efbcb30313c1318d97,105
5a0f2610d6c58c139daa8a53,120
5a0f2681e691ef1af557263c,90
5a0f269a48c5984825e18bd0,90
5a0f26cb3feafb4f684d1ac7,150
5a0f270efdc81513a9dcf34c,120
5a0f274f97e0bc4831663490,180
5a0f2755e691ef1af557263e,120
5a0f27bdbcb30313c1318d9a,165
5a0f27efe691ef1af557263f,90
5a0f283332516b13bbf49e45,105
5a0f2857fdc81513a9dcf34d,105
5a0f2895ae845313c72e2812,105
5a0f2897e691ef1af5572640,105
5a0f292148c5984825e18bd1,150
5a0f29330525bc484398d202,105
5a0f29b50525bc484398d204,120
5a0f29b697e0bc4831663491,105
5a0f29b80525bc484398d205,150
5a0f2a3cd6c58c139daa8a54,105
5a0f2a521c156e483dc740cc,120
5a0f2a882c520b484f1b87ff,120
5a0f2b071c067a1ae7e67341,105
5a0f2b2448c5984825e18bd4,105
5a0f2b636d59381b0f22075c,255
5a0f2b73d6c58c139daa8a56,120
5a0f2ba56d59381b0f22075d,135
5a0f2ba71c156e483dc740cd,105
5a0f2bd1fdc81513a9dcf34f,105
5a0f2c131c156e483dc740ce,105
5a0f2c42e691ef1af5572643,120
5a0f2c4397e0bc4831663492,105
5a0f2c4a97e0bc4831663493,150
5a0f2c8dbcb30313c1318d9e,120
5a0f2c8e97e0bc4831663495,150
5a0f2cdcd6c58c139daa8a57,120
5a0f2d141c067a1ae7e67343,120
5a0f2d4c5c4f9a48378c2db7,135
5a0f2d811c156e483dc740cf,120
5a0f2da4ae845313c72e2816,120
5a0f2dcfae845313c72e2817,120
5a0f2dfee691ef1af5572645,120
5a0f2e3497e0bc4831663497,135
5a0f2e4f3feafb4f684d1aca,120
5a0f2e83bcb30313c1318d9f,120
5a0f2f075c4f9a48378c2db9,135
5a0f2f15bcb30313c1318da0,120
5a0f2f2f32516b13bbf49e49,150
5a0f2f491c067a1ae7e67344,120
5a0f2f4b0525bc484398d207,120
5a0f2f602c520b484f1b8801,120
5a0f3089e691ef1af5572648,135
5a0f308ee691ef1af5572649,210
5a0f30adae845313c72e281c,150
5a0f30c33feafb4f684d1acd,150
5a0f30d1e691ef1af557264b,120
5a0f30df0525bc484398d208,150
5a0f3106ae845313c72e281d,165
5a0f314aae845313c72e281e,165
5a0f3161ae845313c72e281f,135
5a0f316bc31f3448494eb6fe,135
5a0f3195e691ef1af557264c,135
5a0f320e5c4f9a48378c2dba,150
5a0f322eeca4fc22e027a312,195
5a0f331cae845313c72e2821,150
5a0f33b299ec112dd1215692,165
5a0f33b293984022d41562d0,150
5a0f33dbb0da9122e35a8d45,150
5a0f33e40525bc484398d209,165
5a0f33fda7e49c22d705f640,165
5a0f3400b546e022c2fa61d6,150
5a0f3442eca4fc22e027a313,165
5a0f344e059ac522ef987c4d,150
5a0f350e17153722f5634d3c,150
5a0f3512b884b12dc5b4fbcb,180
5a0f3532d442ff22bc769147,165
5a0f354fae845313c72e2822,165
5a0f35fca7e49c22d705f641,225
5a0f368b172b442ddd1d05ea,165
5a0f36d6172b442ddd1d05eb,180
5a0f371ae691ef1af557264f,165
5a0f379b51fd882301b6d13c,165
5a0f37ca51fd882301b6d13d,165
5a0f3830059ac522ef987c4f,165
5a0f383332516b13bbf49e4d,165
5a0f38b4ae845313c72e2823,165
5a0f3931c988512deb672b83,165
5a0f39c817153722f5634d3d,165
5a0f3a584b4fc722fbe1c726,195
5a0f3a94172b442ddd1d05ed,180
5a0f3b5db884b12dc5b4fbcc,180
5a0f3ba9a7e49c22d705f646,195
5a0f3bad51fd882301b6d13e,180
5a0f3c3f172b442ddd1d05ee,180
5a0f3cbdae845313c72e2826,180
5a0f3d2b99ec112dd1215696,180
5a0f3d4c99ec112dd1215697,180
5a0f3d5a172b442ddd1d05ef,180
5a0f3d7bc988512deb672b87,180
5a0f3d9b4b4fc722fbe1c727,195
5a0f3e4bc988512deb672b89,195
5a0f3e7432516b13bbf49e52,195
5a0f3e8251fd882301b6d140,195
5a0f3e8e51fd882301b6d141,210
5a0f3e8e4b4fc722fbe1c728,195
5a0f3ec3e691ef1af5572653,195
5a0f3ed417153722f5634d40,195
5a0f3f1cf160552db93e65b4,210
5a0f3f62a7e49c22d705f649,210
5a0f3f7d4b4fc722fbe1c72b,195
5a0f3fd0ae845313c72e2827,195
5a0f4029172b442ddd1d05f1,210
5a0f40b4c988512deb672b8b,195
5a0f40bc17153722f5634d41,195
5a0f40c7c988512deb672b8c,195
5a0f4107f160552db93e65b5,210
5a0f41e9f160552db93e65b6,210
5a0f421b32516b13bbf49e54,210
5a0f423c172b442ddd1d05f2,225
5a0f433d32516b13bbf49ea9,210
5a0f437232516b13bbf49eaa,210
5a0f439517153722f5634d42,210
5a0f44d832516b13bbf49eab,210
5a0f44dd51fd882301b6d147,210
5a0f4653ae845313c72e282a,225
5a0f4694f160552db93e65b9,255
5a0f47f1b884b12dc5b4fbcf,240
5a0f482bb0da9122e35a8d4a,240
5a0f486d11ae4222e93bc463,240
5a0f489a263abd22dd1e3aec,225
5a0f49bba7e49c22d705f681,240
5a0f4e10ae845313c72e282e,255
5a0f4ef1263abd22dd1e3af2,255
